{"cameraMode":{"drawMode":2,"name":"Shaded Wireframe","section":"Shading Mode"},"sceneLighting":false,"audioPlay":false,"sceneViewState":{"showFog":true,"showMaterialUpdate":false,"showSkybox":false,"showFlares":true,"showImageEffects":true,"showParticleSystems":true},"in2DMode":false,"pivot":{"x":-2.893217086791992,"y":4.751455307006836,"z":-4.315127849578857},"rotation":{"x":-0.08239324390888214,"y":0.9175935387611389,"z":-0.277823805809021,"w":-0.2721295952796936},"size":6.17375373840332,"orthographic":false}