{"cameraMode":{"drawMode":2,"name":"Shaded Wireframe","section":"Shading Mode"},"sceneLighting":false,"audioPlay":false,"sceneViewState":{"showFog":true,"showMaterialUpdate":false,"showSkybox":false,"showFlares":true,"showImageEffects":true,"showParticleSystems":true},"in2DMode":false,"pivot":{"x":-4.691208362579346,"y":-4.760442733764648,"z":5.598860740661621},"rotation":{"x":0.3138990104198456,"y":-0.26647883653640749,"z":0.09226558357477188,"w":0.9066300988197327},"size":13.406083106994629,"orthographic":false}