{"cameraMode":{"drawMode":2,"name":"Shaded Wireframe","section":"Shading Mode"},"sceneLighting":false,"audioPlay":false,"sceneViewState":{"showFog":true,"showMaterialUpdate":false,"showSkybox":false,"showFlares":true,"showImageEffects":true,"showParticleSystems":true},"in2DMode":false,"pivot":{"x":0.3064929246902466,"y":0.038231849670410159,"z":3.462773323059082},"rotation":{"x":-0.4953421950340271,"y":-0.31868064403533938,"z":0.20172066986560822,"w":-0.7825722098350525},"size":2.0642178058624269,"orthographic":false}