{"cameraMode":{"drawMode":2,"name":"Shaded Wireframe","section":"Shading Mode"},"sceneLighting":false,"audioPlay":false,"sceneViewState":{"showFog":true,"showMaterialUpdate":false,"showSkybox":false,"showFlares":true,"showImageEffects":true,"showParticleSystems":true},"in2DMode":false,"pivot":{"x":-0.318759948015213,"y":0.5580978989601135,"z":0.0810689628124237},"rotation":{"x":0.4676457345485687,"y":0.20004694163799287,"z":-0.10954707860946655,"w":0.8539872169494629},"size":0.4389820694923401,"orthographic":false}