{"cameraMode":{"drawMode":2,"name":"Shaded Wireframe","section":"Shading Mode"},"sceneLighting":false,"audioPlay":false,"sceneViewState":{"showFog":true,"showMaterialUpdate":false,"showSkybox":false,"showFlares":true,"showImageEffects":true,"showParticleSystems":true},"in2DMode":false,"pivot":{"x":4.73335599899292,"y":-2.979585886001587,"z":3.7629716396331789},"rotation":{"x":-0.24115176498889924,"y":-0.5855458378791809,"z":0.1880892813205719,"w":-0.7507362961769104},"size":5.576284408569336,"orthographic":false}